{"data_time": 0.017594427499716403, "eta_seconds": 161849.33765205217, "iteration": 19, "lr": 0.0019981, "time": 0.8093235739997908, "total_loss": 1.471363387541058e-44}
{"data_time": 0.022664116999294492, "eta_seconds": 162320.11930334894, "iteration": 39, "lr": 0.0039961, "time": 0.8128572635005185, "total_loss": 4.1338304697582104e-44}
{"data_time": 0.020556194999699073, "eta_seconds": 162528.55742735718, "iteration": 59, "lr": 0.0059941, "time": 0.8204990390004241, "total_loss": 6.866362475191604e-44}
{"data_time": 0.020891514999675564, "eta_seconds": 146.71379788929153, "iteration": 19, "lr": 0.0019981, "time": 0.8105734690016106, "total_loss": 1.6114932339735396e-44}
{"data_time": 0.029312549499081797, "eta_seconds": 131.10607416235507, "iteration": 39, "lr": 0.0039961, "time": 0.818012246498256, "total_loss": 4.1338304697582104e-44}
{"data_time": 0.023955351498443633, "eta_seconds": 115.71624490783324, "iteration": 59, "lr": 0.0059941, "time": 0.8271338174999983, "total_loss": 6.866362475191604e-44}
{"data_time": 0.023158578000220587, "eta_seconds": 99.8886887734152, "iteration": 79, "lr": 0.0079921, "time": 0.8378413589998672, "total_loss": 9.598894480624997e-44}
{"data_time": 0.02415391649992671, "eta_seconds": 83.868606189415, "iteration": 99, "lr": 0.009990100000000002, "time": 0.8496605669988639, "total_loss": 1.2401491409274631e-43}
{"data_time": 0.02347495899994101, "eta_seconds": 67.55315197048549, "iteration": 119, "lr": 0.011988100000000002, "time": 0.8573039340008108, "total_loss": 1.5484348030789229e-43}
{"data_time": 0.021828357999766013, "eta_seconds": 51.161646079537604, "iteration": 139, "lr": 0.013986100000000001, "time": 0.8743547959984426, "total_loss": 1.814681511300638e-43}
{"data_time": 0.023239568998178584, "eta_seconds": 34.57839754996348, "iteration": 159, "lr": 0.0159841, "time": 0.8692347325013543, "total_loss": 2.0949412041656015e-43}
{"data_time": 0.022358105501552927, "eta_seconds": 17.84412006299317, "iteration": 179, "lr": 0.017982099999999997, "time": 0.8605038794994471, "total_loss": 2.375200897030565e-43}
{"accuracy/top1": 20.899999618530273, "data_time": 0.023153980999268242, "eta_seconds": 0.8525156129999232, "iteration": 199, "lr": 0.0199801, "time": 0.8601732540009834, "total_loss": 2.6834865591820247e-43}
